"02700e454d679f31f27c6f0768986dd1","1512762164","Magic","one","1"
"033bd94b1168d7e4f0d644c3c95e35bf","1512590190","TEST","one","1"
"033bd94b1168d7e4f0d644c3c95e35bf5768","1512951741","TEST","two","1"
"033bd94b1168d7e4f0d644c3c95e35bf5813","1513623219","TEST","three","1"
"03ab12aba4cb0572622a3441c8b0d458","1512348947","mscatdk","one","1"
"03ab12aba4cb0572622a3441c8b0d4586727","1513516540","mscatdk","three","1"
"03ab12aba4cb0572622a3441c8b0d4589522","1512949431","mscatdk","two","1"
"06c46e035e91da69f80b4c6a1b8dcdc3","1512305327","Maan511","one","1"
"06c46e035e91da69f80b4c6a1b8dcdc35882","1513517399","Maan511","three","1"
"06c46e035e91da69f80b4c6a1b8dcdc35986","1512910359","Maan511","two","1"
"07868a716d4712d7771f6414d2b8bf8a","1512585758","spirit","one","1"
"07b4816634ceca84c18f87309816f568","1512503439","Regenuluz","one","1"
"07b4816634ceca84c18f87309816f5681922","1514224940","Regenuluz","four","1"
"07b4816634ceca84c18f87309816f5683992","1513524914","Regenuluz","three","1"
"07b4816634ceca84c18f87309816f5689990","1512986322","Regenuluz","two","1"
"07d935680b6501b2e42fe4baea021389","1512306302","mk","one","1"
"07e4b4fd4085ed23797d621a1fb23e59","1512399009","br0ns","one","1"
"098c42728caa22bfebfe4e30a9d1c695","1512759131","kij","one","1"
"098c42728caa22bfebfe4e30a9d1c6956009","1513022150","kij","two","1"
"0c4a5926e44e7c3a43715a15e0d76dce2160","1514239615","Bryde","four","1"
"0d8b2ae68fc1d0d1a36f4f66fc330b62","1512644522","SpookiePower","one","1"
"0d8b2ae68fc1d0d1a36f4f66fc330b621154","1513258782","SpookiePower","two","1"
"0e36cce7373df5864a7e14b0cf6eae7f","1512390436","FuzzyLitchi","one","1"
"0e36cce7373df5864a7e14b0cf6eae7f5997","1513689201","FuzzyLitchi","three","1"
"0e36cce7373df5864a7e14b0cf6eae7f8336","1512912359","FuzzyLitchi","two","1"
"0e99af1ae3df6f4e7d5ca8e8811140cc9860","1513722202","for egon","three","1"
"1372f6782166503f544bc004fe6992cd","1512306384","Carl Schou / Striekk","one","1"
"146b519d76a21cf534e97abbd2ee8270","1512327510","fred2.0","one","1"
"146b519d76a21cf534e97abbd2ee82706924","1512918199","fred2.0","two","1"
"15afbd2dcb7e873462e3344f5878adf8","1512398061","2Late2party_ACDC","one","1"
"1635a769f3ea6c776e158567ec0634b42416","1513511600","YSAVOrjH","three","1"
"16a6f9946c40f57e501e46f9054c7083","1512339751","E42494","one","1"
"16a6f9946c40f57e501e46f9054c70833582","1513527541","E42494","three","1"
"16a6f9946c40f57e501e46f9054c70834336","1512941874","E42494","two","1"
"16a6f9946c40f57e501e46f9054c70835197","1514317255","E42494","four","1"
"16e029226d8960b2d7cba16cab5f7044","1512376719","n00b","one","1"
"16e029226d8960b2d7cba16cab5f70444309","1512986120","n00b","two","1"
"17baa58f59079cf7bd3ef3659d426bfb","1512308879","Rand","one","1"
"17baa58f59079cf7bd3ef3659d426bfb1932","1514215852","Rand","four","1"
"17baa58f59079cf7bd3ef3659d426bfb2","1512905678","Rand","two","1"
"17baa58f59079cf7bd3ef3659d426bfb6776","1513543185","Rand","three","1"
"1bcec5ce94dc0b2ccb3ce9131d7848dd","1512346724","simonbs","one","1"
"1e127d8c7e87a324f3a0ca7db5ae782e","1512390234","johnnydoe8888","one","1"
"1e127d8c7e87a324f3a0ca7db5ae782e1754","1512991389","johnnydoe8888","two","1"
"1e127d8c7e87a324f3a0ca7db5ae782e4482","1513596203","johnnydoe8888","three","1"
"1e127d8c7e87a324f3a0ca7db5ae782e9589","1514205857","johnnydoe8888","four","1"
"1e1acb443a7180be548c58f6690ddd0e","1512335441","Dreier","one","1"
"1e57b7f7e95ba20c99a5887d2172f753","1512492503","bnc","one","1"
"1e57b7f7e95ba20c99a5887d2172f7539322","1513266933","bnc","two","1"
"1eaf429d87a2741afa7612f7350dca71","1512303697","Ubergeek","one","1"
"1f8f200eaa42c14f424afcf469c79627","1512328040","leelan","one","1"
"1f8f200eaa42c14f424afcf469c796272478","1513420961","leelan","two","1"
"1f8f200eaa42c14f424afcf469c796277545","1513713703","leelan","three","1"
"1f9d81b9a22f89f3b79833874f9f980a","1512494379","Tek-Space","one","1"
"2042101ac1f6e7741bfe43f3672e6d7c","1512902348","Thomas","one","1"
"209be23c762c603362a543fa5d20a9932286","1512940941","Stadig for egon, søndag kl. 12 er fantastisk i julen!","two","1"
"217b2c738f5e6bd346832b624f93c369","1512326857","Terp!","one","1"
"21bead592be6a0335cb5dca32971abd68296","1514196413","Bad Boiiis","four","1"
"22fa0b0b648808e3a1cf852b89a72509","1512387716","shadowenthegrey","one","1"
"24eff7423a28608e2452e0169d9b3b524075","1513354966","DEPT_534556","two","1"
"24eff7423a28608e2452e0169d9b3b52866","1513787567","DEPT_534556","three","1"
"24f20697c57c541c434c62a416332a0f","1512318386","Wolfen","one","1"
"24f20697c57c541c434c62a416332a0f6991","1512945455","Wolfen","two","1"
"24f20697c57c541c434c62a416332a0f8003","1513570449","Wolfen","three","1"
"252e2f21dbf354b64198cfad72badb163720","1514212085","Tuxedo","four","1"
"252e2f21dbf354b64198cfad72badb167397","1512920115","Tuxedo","two","1"
"252e2f21dbf354b64198cfad72badb16753","1513513700","Tuxedo","three","1"
"26e0c62c579c6f61a6ea8d4c1132bb6321","1513319555","RLFP","two","1"
"278262a5b91d8e0cdbb96d96afc9d430","1512385531","mrl","one","1"
"278262a5b91d8e0cdbb96d96afc9d430516","1513799140","mrl","three","1"
"278262a5b91d8e0cdbb96d96afc9d4307545","1512987623","mrl","two","1"
"27c325972e9fe227d892ec114a2bb6506027","1512941730","amhr","one","1"
"29669061746d0628cc5d9e5621e1b4fc5833","1514230867","BTDK","one","1"
"29669061746d0628cc5d9e5621e1b4fc6921","1514233658","BTDK","two","1"
"297ce2df1155c4e0831df9d223907f21","1512647273","DrPepper","one","1"
"29885571ea80690b8a2b45cdb94c324d","1512304013","BOT JOHN","one","1"
"2c9911a6eb0763ecf02620efe2c72aac","1512383749","Rendal","one","1"
"2c9911a6eb0763ecf02620efe2c72aac2266","1512911084","Rendal","two","1"
"32a5a18c63d5cce2ad2877d1f96fe0a9","1512304736","D-Diddy","one","1"
"32a5a18c63d5cce2ad2877d1f96fe0a92761","1513536814","D-Diddy","three","1"
"32a5a18c63d5cce2ad2877d1f96fe0a95466","1512943836","D-Diddy","two","1"
"35238fcf25bb5964d70454a30206d2ac5454","1513514114","autosolver","three","1"
"35238fcf25bb5964d70454a30206d2ac8173","1512907187","autosolver","two","1"
"35b6fe4537ccc0b15c7ed6e6ef5366dc4498","1513364273","MrFoobar","two","1"
"3633ef5ae895bbaa6823d4c759537ae3","1512301014","eset-anders","one","1"
"363b122c528f54df4a0446b6bab05515","1512326017","j","one","1"
"36410a091e9fb31075aea69a7f4aa8a7","1512306712","HighwayToHell","one","1"
"3858f62230ac3c915f300c664312c63f","1512424067","foobar","one","1"
"3858f62230ac3c915f300c664312c63f2852","1513512728","foobar","three","1"
"3858f62230ac3c915f300c664312c63f4906","1514296909","foobar","four","1"
"3d239eec512588dddfed13ca3ab445678969","1512920005","magu","two","1"
"3eb50a8d683006fdf941b9860798f9aa","1512544882","matz","one","1"
"411c4db24c12a7b2d8edf1990ae1f4182621","1512919398","lespak","two","1"
"417293ba58c2f3a11f8771e67317f1fa9652","1515604122","EzMode","one","1"
"424a574bad4d2c3ba9819981ff64f51b","1512305735","banjob","one","1"
"4409114f1c38fd43ff36d032d0e0c8513592","1513514435","cocoBo","three","1"
"4409114f1c38fd43ff36d032d0e0c8514138","1512911549","cocoBo","two","1"
"4409114f1c38fd43ff36d032d0e0c851567","1514126614","cocoBo","four","1"
"44ccf3b0f2ed5b719c63ee94c13d219d","1512651844","Chris Christiansen","one","1"
"45bfbc1b47edf0633d05492f4df2280a","1512419460","asgerfv","one","1"
"45bfbc1b47edf0633d05492f4df2280a1217","1512937866","asgerfv","two","1"
"45bfbc1b47edf0633d05492f4df2280a222","1514202634","asgerfv","four","1"
"4772412c07462523ef46604cccb5f046","1512648347","Bspekt","one","1"
"4772412c07462523ef46604cccb5f0462943","1513067437","Bspekt","two","1"
"49f23e56beeaaa66e1ea455b9c70899f","1512375600","Turocma","one","1"
"4a121a1e1ca013dee2083ac3525d29cd","1512411845","BarfBarf","one","1"
"4ae451519e825de71a97c7ddbdababe9","1512511968","ClausA","one","1"
"4ae451519e825de71a97c7ddbdababe93587","1512980535","ClausA","two","1"
"4aec2e2f5cddc824e3275db34cbfc3dc","1512422724","HBRD","one","1"
"4aec2e2f5cddc824e3275db34cbfc3dc258","1513410914","HBRD","two","1"
"4aec2e2f5cddc824e3275db34cbfc3dc6158","1513606682","HBRD","three","1"
"4bc318e23a3ae8eabddced54ecc611fd","1512759850","ulbozz!","one","1"
"4bc318e23a3ae8eabddced54ecc611fd2015","1514077267","ulbozz!","three","1"
"4bc318e23a3ae8eabddced54ecc611fd5184","1512933750","ulbozz!","two","1"
"4c6fe57e64f6eb2d9321fa19c4ce00aa","1512311088","Panum LAN","one","1"
"4c811307b100245e5e582945c6388c67","1512402377","BluTXX","one","1"
"4c811307b100245e5e582945c6388c674650","1513172958","BluTXX","two","1"
"4ca12a42a2a17f745905ab61acc9c9be","1512354269","Naith","one","1"
"4d13774cd2c487b6575330f19c80c86a","1512555697","Azmira","one","1"
"4e29342d9904d64e9e25fd3b92558e2f","1512314495","cf","one","1"
"4fded1464736e77865df232cbcb4cd195757","1512908460","yolo","two","1"
"503e02e395dca30b24e0a5151e51748c3114","1513516604","ACN DK","three","1"
"5089fa881630360a9b3361469c1a0c5d","1512466693","BM","one","1"
"51a3310bf49012def00de93a2b870e49","1512418461","ddark","one","1"
"51a3310bf49012def00de93a2b870e49202","1512991402","ddark","two","1"
"51a3310bf49012def00de93a2b870e496678","1513598486","ddark","three","1"
"51dd9fa147f8c4bf9690d8c908d565bd","1512391360","ggisz","one","1"
"523016b8de2e8c3bbd05968f92b6a772","1512736783","all cops are beautiful","one","1"
"54732de74c868ce365110156023addb8","1512410538","Jarlen","one","1"
"5a1991fb7181ecb25acb715bfdb261b4","1512324153","vikt0r0","one","1"
"5a42699ef5ef8481eda6cac599c760c9","1512651775","TEAM INFOWISE","one","1"
"5a9adf36c9512f5e28084aa41940bda01625","1512980493","Itadels Julenisser","two","1"
"5a9adf36c9512f5e28084aa41940bda09540","1513792035","Itadels Julenisser","three","1"
"5c3116796f5ff62adaf85580801f3fa4","1512551010","JK","one","1"
"5cbbf3e79b8258b1861af6a2599c6156","1512326202","Autosolver","one","1"
"5de5163e6f31dd168dd7229d71514a69","1512303603","matbog","one","1"
"5eb11a7da15132f9fbb44c0c6b73a3e5","1512659901","Zink","one","1"
"5f469cb3b0e895beb05dbdc5f7eccf43","1512336662","Sioniras","one","1"
"600e50db044b6e74f5a8c60c4c8c3c33","1512326984","zpon","one","1"
"600e50db044b6e74f5a8c60c4c8c3c336863","1513969193","zpon","two","1"
"619ce00737dde0d9b589b53ceda8048f","1512303635","InvokIT","one","1"
"619ce00737dde0d9b589b53ceda8048f6246","1513526368","InvokIT","three","1"
"619ce00737dde0d9b589b53ceda8048f9731","1512938331","InvokIT","two","1"
"62f44994b7b6f2c329b75f511b646731","1512656109","Rene","one","1"
"63adaaf700ab8250f33c31c965569549","1512527778","Tove","one","1"
"63adaaf700ab8250f33c31c965569549385","1513541293","Tove","three","1"
"646a479ea69af0d9515ea8dd16018c87","1512510077","BadDad","one","1"
"66f3d0747369c20cf724ead2ad621114","1512519343","Macninja","one","1"
"66f3d0747369c20cf724ead2ad6211143529","1513387792","Macninja","two","1"
"68e2d83709f317938b51e53f7552ed04","1512423310","past","one","1"
"69691c7bdcc3ce6d5d8a1361f22d04ac3033","1513365435","M","two","1"
"69f6c8f842940d42d8e90503ff3a2fc7","1512646790","Mesterkaa","one","1"
"6a23ce37adac37752eafdac816958b5b","1512376097","DETMOR","one","1"
"6ddf26fd574daf08e220523261d2a5d6","1512377127","danny-cfcs","one","1"
"6fb6496ba2ce77371b3ebe61248c90cd","1512313121","ElCuy","one","1"
"727787de3eca8062d34e76b8c6c568e25251","1513588233","meta_hyperbole","three","1"
"727787de3eca8062d34e76b8c6c568e29874","1513242271","meta_hyperbole","two","1"
"72ae8dc7f3f3ad53bf645d46dc4fca839508","1513004259","Thermo","two","1"
"74e5a9b2665711089710d67d5033903a","1512313641","Yarash","one","1"
"7708fdfdbb8833f17258b0e2a21dbc32","1512330738","Xil","one","1"
"7708fdfdbb8833f17258b0e2a21dbc321184","1514117931","Xil","four","1"
"7708fdfdbb8833f17258b0e2a21dbc321437","1512908387","Xil","two","1"
"7708fdfdbb8833f17258b0e2a21dbc327049","1513511850","Xil","three","1"
"77ce948d93c179f775d0e038cd82c1ec","1512423281","Balle","one","1"
"79db4d81b3c3771ef2c4773e5f2cdcae","1512303323","Stofas nørder","one","1"
"79db4d81b3c3771ef2c4773e5f2cdcae2","1512905972","Stofas nørder","two","1"
"79db4d81b3c3771ef2c4773e5f2cdcae4576","1513511613","Stofas nørder","three","1"
"79db4d81b3c3771ef2c4773e5f2cdcae6577","1514119451","Stofas nørder","four","1"
"79db5e02e9452d7d6e32823af88c5f4e","1512504930","krenlar","one","1"
"7b3f736563d3d71cdf654542532b7159","1512417974","ulbozz?","one","1"
"7b3f736563d3d71cdf654542532b71592890","1515001374","ulbozz?","four","1"
"7b3f736563d3d71cdf654542532b71594810","1513542331","ulbozz?","three","1"
"7bf8cc71520e4e398d00e0e5e701907d","1512303080","Neuron Pulse","one","1"
"7c13d30ff1c9156a59b2335ee435ba34","1512560115","JegBurdeLaeseTilKemiEksamen","one","1"
"7efd721c8bfff2937c66235f2d0dbac18353","1512934994","Adam","one","1"
"7febb49d757bae31ef4b5522004134875228","1512951690","Frk. Tov3","two","1"
"7ff89e53c46920315b6e9b520875de07","1512559986","Trollekrogen","one","1"
"80aa5c9593b707b92b390ec051f2e2c4","1512350622","dropud","one","1"
"80c3f2bb706a66d2fad540e643b922346622","1513118995","moknu","two","1"
"817363f82b93576cb59e041cb59eec74","1512318428","Asger Juul Brunshøj","one","1"
"81e5850312614fa9845ecc254b6e11e08255","1513328797","Stegger","two","1"
"827b0e5aa0e8e9335d0505c14ba7f2441344","1512907002","Niels Henrik Bak","one","1"
"827b0e5aa0e8e9335d0505c14ba7f2444442","1513344626","Niels Henrik Bak","two","1"
"82d7ba7ea655a2bbde5a4e2153a66dae","1512901460","ack","one","1"
"832222eef57583ce58ca3958d5e58f90","1512392080","blck","one","1"
"832222eef57583ce58ca3958d5e58f903511","1513257747","blck","two","1"
"832222eef57583ce58ca3958d5e58f903971","1513546740","blck","three","1"
"84cf0e3f062a239346c128c20132ee248145","1513112912","Adam Paradoxxs","two","1"
"84d6862093cc68347aff1da7da9e95a36468","1513281572","DoTA + Lurpak + Pinkie","two","1"
"853015f489fc16180ee1ef9a4a5b4e27197","1513373968","ElectricDreams","one","1"
"8635ca8de003a854f025e2251fc5d6e5","1512377099","Håkonsen","one","1"
"863ffd69929eee43e48e4e741186704e","1512334185","Spinkelben","one","1"
"8646928b9c993cabc97d8bb78d6e5ba9","1512327762","@ern_st","one","1"
"8646928b9c993cabc97d8bb78d6e5ba91710","1514401406","@ern_st","four","1"
"8646928b9c993cabc97d8bb78d6e5ba97057","1513517027","@ern_st","three","1"
"86922a32706d3205e612c970bf5729e7","1512303948","Bad Boys","one","1"
"86922a32706d3205e612c970bf5729e77953","1512908820","Bad Boys","two","1"
"872db609541f4436c8b27520cea32f969194","1514115108","Kevin@Secu","four","1"
"88b04492a917307a138a1042048acd3c9939","1512908296","kriztw + Kokjo","two","1"
"8935e50e8062b9f24b71902484be7287","1512663428","#OOked","one","1"
"89361221e8e1fb81efcb5cd1005c6067","1512512686","Julenissen","one","1"
"8a11f331a935ed98915cef20e7e2c3a63159","1513176634","CSwan","one","1"
"8a29b64dcf6fb0562726b202cb91f04c","1512503468","Lexander","one","1"
"8a29b64dcf6fb0562726b202cb91f04c660","1514490948","Lexander","four","1"
"8a29b64dcf6fb0562726b202cb91f04c9331","1513637179","Lexander","three","1"
"8a7f596e16c9339c6d39b7b3193d0822","1512749606","Kvothe","one","1"
"8a7f596e16c9339c6d39b7b3193d08223934","1512938082","Kvothe","two","1"
"8aeace440f5b287f6ea12bed1f309d08","1512480098","PistolPete","one","1"
"8aeace440f5b287f6ea12bed1f309d086663","1514215116","PistolPete","four","1"
"8c45dbd48e1dfd7526cee5aebebf4c1d","1512689055","Phytonia","one","1"
"8c45dbd48e1dfd7526cee5aebebf4c1d1031","1512915120","Phytonia","two","1"
"8c45dbd48e1dfd7526cee5aebebf4c1d6322","1513523441","Phytonia","three","1"
"8c45dbd48e1dfd7526cee5aebebf4c1d9600","1514213778","Phytonia","four","1"
"8d671a820aac300812a34905e600554b","1512354299","Rogan","one","1"
"8d7b0ccf5f9dda244ee356e250085792","1512560283","U0MK","one","1"
"8f5fc0c3874a7f756ca9326f59ddb306","1512324770","YSAVOrjH","one","1"
"8f5fc0c3874a7f756ca9326f59ddb306516","1512908171","YSAVOrjH","two","1"
"8f8507a297a6a11e7cea0b4b64c1718c","1512333355","138QHrPsth9UxGX964JruFrrpts80085HGFY","one","1"
"91467434d5ca0b288da05cda83b240c2160","1512938246","TracTrix","two","1"
"92a54b358b4cf53cca4095e4697e1004","1512649189","MC","one","1"
"931ecf61f122b78b7ae718bf1221709d","1512305337","Zeta Two","one","1"
"931ecf61f122b78b7ae718bf1221709d5545","1513027359","Zeta Two","two","1"
"931ecf61f122b78b7ae718bf1221709d5838","1513520830","Zeta Two","three","1"
"931ecf61f122b78b7ae718bf1221709d8759","1514164233","Zeta Two","four","1"
"956f2021d463a7f332ca2298d2746a4d3485","1513004617","Thunn","two","1"
"978f79117f8a8935efd41b5280f8c5e8","1512496714","Din mor hedder Henning","one","1"
"978f79117f8a8935efd41b5280f8c5e8555","1513027292","Din mor hedder Henning","two","1"
"97c8e6d0d14f4e242c3c37af68cc376c","1512399316","Dan","one","1"
"9fc6f836dcc33ddfa020d2a2f69dde12","1512488413","ITUnderflow","one","1"
"a27514016b23f791f950591f44548d5e","1512650915","cloudbansal","one","1"
"a27514016b23f791f950591f44548d5e5641","1513639143","cloudbansal","three","1"
"a27514016b23f791f950591f44548d5e8925","1513200695","cloudbansal","two","1"
"a2f5157a8061ad17c9fede2ca6bb3a3f","1512592914","c60cb859","one","1"
"a2fcbaf430e6e613e295727f0fe4355c","1512320351","LeviMoore","one","1"
"a34f1ab42792a5f3b81ee8bde06414366725","1512909756","Carl Schou","two","1"
"a40e4cf3c7122bfd4a5631bf1e410f69","1512749542","Zz","one","1"
"a720c760a5009c18a964ba21225494a9","1512765407","Lord_Squirrel","one","1"
"a720c760a5009c18a964ba21225494a91522","1513065674","Lord_Squirrel","two","1"
"a84336dff7c7a2045cc4693a15913e02","1512302652","Charix","one","1"
"a84336dff7c7a2045cc4693a15913e022072","1513520267","Charix","three","1"
"a84336dff7c7a2045cc4693a15913e024678","1514119154","Charix","four","1"
"a84336dff7c7a2045cc4693a15913e02789","1512915831","Charix","two","1"
"a9638fa318fa8bb1283ac962f90528123305","1513079477","Trump","two","1"
"ab86a1e1ef70dff97959067b723c5c24","1512432404","me","one","1"
"ab8e9a22cac78e2b4ecb54dd527370571216","1513854633","ttronier","two","1"
"ab8e9a22cac78e2b4ecb54dd527370573183","1513797192","ttronier","one","1"
"abf7a01965d6c678e01b5a66ffdfe0f2","1512334288","t_bartvig","one","1"
"abf7a01965d6c678e01b5a66ffdfe0f23972","1513025681","t_bartvig","two","1"
"abf7a01965d6c678e01b5a66ffdfe0f26510","1513797813","t_bartvig","three","1"
"accfb40c29786e9b3999e2d0c8b36516","1512418551","Twingo_Dueklat","one","1"
"add3c3906ac677ab67f01ac238b72f40","1512657716","TheBeef","one","1"
"aee4bd941f8b4d9e39210c06c44fcb715452","1513033855","LOL","one","1"
"af1a3fbe28f78c4076e4711bdf8ace354045","1517168925","kjonas65","three","1"
"af1a3fbe28f78c4076e4711bdf8ace355001","1515876830","kjonas65","one","1"
"af1a3fbe28f78c4076e4711bdf8ace355724","1516046069","kjonas65","two","1"
"af1a3fbe28f78c4076e4711bdf8ace358985","1518360685","kjonas65","four","1"
"aff8c05a10b21815139fb6e06ff94831","1512331945","fva","one","1"
"b28e26bb4a99b8fded1363e476e4d5c9","1512510055","Kaninfrans","one","1"
"b28e26bb4a99b8fded1363e476e4d5c9284","1512980506","Kaninfrans","two","1"
"b28e26bb4a99b8fded1363e476e4d5c98831","1513792042","Kaninfrans","three","1"
"b5215b8140581b676cc37932bbcc20c1","1512669437","kriztw","one","1"
"b76ab9f941d15135100b4097afce595f8568","1512910810","UnKnoWnCheaTs","two","1"
"b7b11f23c3c3d4b41b9e80aa0482ad45","1512314185","DarkShark","one","1"
"b890c3bb44185fca5d5e86f5e77377a02441","1514372007","Stadig for Egon mzr says","four","1"
"b8bd56c1dac3fce48da8bb5c744ae43e","1512306569","Nicolai Søborg","one","1"
"b8bd56c1dac3fce48da8bb5c744ae43e955","1513544180","Nicolai Søborg","three","1"
"b9c5c150b234ca621bfeabde7e09edec","1512329277","matz ","one","1"
"bb6a91629e342e35806527cc43fd2b2b","1512331838","Til Ære for Egon","one","1"
"bb7a357a4e2a6db9b08eb54a7e15167a9042","1512971406","- T -","two","1"
"bc657292edc59c2a89305dced85229234168","1514199723","j0rg33","four","1"
"bc657292edc59c2a89305dced85229237880","1513540349","j0rg33","three","1"
"bf9a7752226b2a88fb1b7a7e0979d249","1512309630","DannyFT","one","1"
"bf9a7752226b2a88fb1b7a7e0979d2494204","1514208401","DannyFT","four","1"
"bf9a7752226b2a88fb1b7a7e0979d2496342","1513523196","DannyFT","three","1"
"bf9a7752226b2a88fb1b7a7e0979d2499110","1513025564","DannyFT","two","1"
"bfd453a3e8b63eb79b8117bcdff5bd661918","1512935588","klik","two","1"
"c021cbfa6ab1890bbf1d7d237997e739","1512514050","chucara","one","1"
"c07eb7815965e22772f287de0bd050cc","1512510176","Esbenps","one","1"
"c3d6ebaec84ae7a23309342eb5d6b225","1512317261","mnm","one","1"
"c3d6ebaec84ae7a23309342eb5d6b2258410","1512910638","mnm","two","1"
"c5a4c13f3bc298dd7995192ba013e8732971","1513017193","initzx","two","1"
"c5a4c13f3bc298dd7995192ba013e8735124","1513686821","initzx","three","1"
"c5ec83b328e689f55bace28405100d18","1512479127","Svanberg","one","1"
"c62557b137df7f65717bfae9afd18459","1512473147","Sp3wf00","one","1"
"c62557b137df7f65717bfae9afd184591452","1512908070","Sp3wf00","two","1"
"c62557b137df7f65717bfae9afd184593365","1514390929","Sp3wf00","four","1"
"c62557b137df7f65717bfae9afd184593401","1513512231","Sp3wf00","three","1"
"c6f29ac56f730ab54605b336e962442f","1512490911","justForFun","one","1"
"c6f29ac56f730ab54605b336e962442f8808","1513267488","justForFun","two","1"
"c8115b144ba88f613b936d2d7464841d","1512521633","jepml","one","1"
"c8115b144ba88f613b936d2d7464841d6014","1513081125","jepml","two","1"
"c8115b144ba88f613b936d2d7464841d8350","1513868291","jepml","three","1"
"c90921610b9a6b698e0332491fc44905","1512332808","MathIsFun","one","1"
"c90921610b9a6b698e0332491fc449053880","1513789457","MathIsFun","three","1"
"c9f251ef2d9c023cf353403f1c1bf380","1512648412","Defterdar","one","1"
"cafd74098f535d0251deb28441108910","1512310239","CyberAllan","one","1"
"cf6ba791c732f1e7f2eb7e1a5ed5f81d","1512591385","baard","one","1"
"d0f956bbebac5c876b0bc3f5a2403e65","1512678957","ITSnedkeren","one","1"
"d4a7c7245dbe134b096894227b0ee16b","1512682292","MIP","one","1"
"d4aa34dc51178aa459a5cc156062547f4745","1513974293","KWJDy8","one","1"
"d5a6f7074fb3a2637c1ae4f1241f3d8d","1512477856","jbjjbjjbj","one","1"
"d5a6f7074fb3a2637c1ae4f1241f3d8d3340","1513538412","jbjjbjjbj","three","1"
"d5a6f7074fb3a2637c1ae4f1241f3d8d5325","1512911306","jbjjbjjbj","two","1"
"d7030370885a6076db1a3db1e4539666","1512306588","Parvati","one","1"
"d8ab29e0d75a564c54a2fd55018f4dea","1512682041","sebastianpc","one","1"
"d8ab29e0d75a564c54a2fd55018f4dea5844","1513316685","sebastianpc","two","1"
"daa0d2bc7bb9a3d2fd6090e9841462f38051","1513794316","Tronx55","two","1"
"dca059819b8aeb3d7841f36aa43448e9","1512505236","hedu","one","1"
"dca059819b8aeb3d7841f36aa43448e97769","1513079130","hedu","two","1"
"dca059819b8aeb3d7841f36aa43448e99244","1513710209","hedu","three","1"
"dd304c7d84578943ac2acb3fd2283f27492","1512993796","kennylevinsen","one","1"
"dd78069d749b0695293b808033e6dfd2","1512311805","Spliid","one","1"
"ddacaf9e14969734168bb3946e2bbaf0","1512364109","ArcaneEye","one","1"
"de1b2349bb1062db68aa39e947216710","1512339842","emilkris33","one","1"
"de8ddf86f6aebc85d38050bea6cf71af238","1515257491","jbm","four","1"
"e018c5725373a473a757ef7bfe50956f","1512307405","Geodaniel","one","1"
"e2c4d15a41fe5176caa5e98ab60d8723","1512839814","Jaybob","one","1"
"e304720d8b64a2d1c35c09b2ffede9ea199","1512924756","MK og Cheeky","two","1"
"e4913845c0623c6fac379335b3ed12dd","1512637845","Calle","one","1"
"e516975902f32fc1e6a4fae0fe2dfb5f6163","1514054439","STREX","three","1"
"e5440d8553786b12f99bb899b80ae17csdf","1512904771","@ern_st","two","1"
"e6e66b8981c1030d5650da159e79539a","1512391174","calvin","one","1"
"e6e66b8981c1030d5650da159e79539a1829","1513514248","calvin","three","1"
"e6e66b8981c1030d5650da159e79539a2","1512906865","calvin","two","1"
"e6e90695698b144a88d310653c3387ad5001","1513170849","zZ","two","1"
"e9dcffb61767f5a9886d50f71ca7036a","1512732446","DoTA","one","1"
"eb9806a56e1e80b69cc9a606b36cfe4b","1512507162","JJ","one","1"
"eb9806a56e1e80b69cc9a606b36cfe4b3249","1514371028","JJ","four","1"
"eb9806a56e1e80b69cc9a606b36cfe4b3771","1512940936","JJ","two","1"
"eb9806a56e1e80b69cc9a606b36cfe4b5544","1513722817","JJ","three","1"
"ee6692b87a46a62d5ceaf69c0a280085","1512421384","Snapp","one","1"
"ee6692b87a46a62d5ceaf69c0a2800852928","1513024255","Snapp","two","1"
"ee6692b87a46a62d5ceaf69c0a2800854848","1513624817","Snapp","three","1"
"ef0bcb93d4c3421897e4ee9fe7f42262","1512496014","Ninka","one","1"
"ef0bf23d73d7924ceb6fe4d11ee4c19e2705","1513080241","TeamRUS","one","1"
"ef744719adb81c087e38124005f4e4ef","1512486414","akj.io","one","1"
"f032ad9f8f0b19a911a60c189a2c54af","1512334750","BlackBahia","one","1"
"f032ad9f8f0b19a911a60c189a2c54af4713","1512934495","BlackBahia","two","1"
"f1921f238b454026cd635a08f6fdda42","1512309491","clcow","one","1"
"f1a439324b88695194747c42774e9add","1512488093","Grubleren","one","1"
"f1a439324b88695194747c42774e9add1241","1514442574","Grubleren","three","1"
"f1a439324b88695194747c42774e9add9847","1513278120","Grubleren","two","1"
"f1cd318e412b5f7226e5f377a9544ff7","1512390766","Kevin","one","1"
"f480740cac6ab5d6f4a36259c6792cf8","1512627329","TiDe!","one","1"
"f4c2b306fe2b770c1f07fce21edf48d7","1512307676","SGHSGH","one","1"
"f4c2b306fe2b770c1f07fce21edf48d75743","1512925716","SGHSGH","two","1"
"f4c2b306fe2b770c1f07fce21edf48d77786","1514489743","SGHSGH","four","1"
"f4c2b306fe2b770c1f07fce21edf48d78801","1513514358","SGHSGH","three","1"
"f542e296af9bd593c4e06b5a31a6eab48750","1516140534","SSS","four","1"
"f5a9636c51948b77dc5de06098f4917c","1512335925","HellMaster","one","1"
"f61907c242880987e9efd1ee14adcd9c2812","1513713523","TkMzLiEK","three","1"
"f61907c242880987e9efd1ee14adcd9c6915","1513020846","TkMzLiEK","two","1"
"f68a876124f5a59c83c562c04beb93d5","1512509864","jaabber","one","1"
"f68a876124f5a59c83c562c04beb93d53727","1514926677","jaabber","four","1"
"f68a876124f5a59c83c562c04beb93d56966","1513717471","jaabber","three","1"
"f68a876124f5a59c83c562c04beb93d59278","1512912045","jaabber","two","1"
"f6a432207207ea0973bbd18e3f2a8b947492","1514224997","avacore","four","1"
"f9d8a78b60e0cc1485d7dcfa1035e8f1","1512427188","hawken","one","1"
"f9d8a78b60e0cc1485d7dcfa1035e8f13250","1513033787","hawken","two","1"
"fbd1e7ba9564863b88d5c43cb833afaf","1512826871","MK","one","1"
"fbd1e7ba9564863b88d5c43cb833afaf2354","1513721961","MK","three","1"
"fd3cc6e2d20bb27cb3f02e283e17f1ca","1512487914","Viggo","one","1"
"fdfe054969c727906d5ef176691460897827","1513063685","Puha den julefrokost kostede mig tid_ACDC","two","1"
"fe01ce2a7fbac8fafaed7c982a04e2294384","1513517290","demo","two","1"
"ff82d74316fe0b1615e6b8d354cd2ae4","1512404079","jach0","one","1"
"ff82d74316fe0b1615e6b8d354cd2ae48412","1512989859","jach0","two","1"
